net,sta,lat,lon,x,y,corr
NZ,A11,-40.684576537,175.859680208,5492.32378361,1841.66161,0.147745937226
NZ,ABAZ,-36.600224003,174.832332909,5947.91177655,1763.89147669,-0.164217929
NZ,AC1A,-42.077902323,173.177540327,5341.55906317,1614.68552258,0.0741284819474
NZ,AC2A,-42.079302358,173.17834033,5341.40347895,1614.75137184,0.0731028151125
NZ,AC3A,-42.087602527,173.166340139,5340.48390769,1613.75698585,0.0732264916415
NZ,AC4A,-42.087702529,173.166240137,5340.4728205,1613.7486937,0.0732264916415
NZ,AC5A,-42.090902633,173.176740257,5340.11576874,1614.61635931,0.0732264916415
NZ,ADCS,-43.9024444,171.74756295,5138.20001891,1499.42226923,-0.0279459193317
NZ,AGA,-40.451572759,176.479888893,5516.30238439,1895.10533682,0.192720331173
NZ,AHAA,-42.567510784,171.866421234,5286.58791774,1506.95795385,0.0991832584875
NZ,AICS,-42.768185088,171.624357133,5264.00979201,1487.45215869,0.048186527861
NZ,AKCZ,-43.8721,172.90983,5142.32862003,1592.75518853,0.138367301
NZ,AKSS,-43.81091,172.96349,5149.12797256,1597.06356282,0.187162534706
NZ,AKUS,-36.853158207,174.770451257,5919.95420609,1757.83730977,-0.704855337296
NZ,ALLC,-38.416928536,175.473483976,5745.02684404,1815.94546713,-0.146274352397
NZ,ALRZ,-38.562043299,176.343014052,5726.52147415,1891.29066721,-0.018188038
NZ,AMBC,-43.154677722,172.730879511,5221.97312597,1578.11953098,0.286769140557
NZ,AMCZ,-43.17654,172.65146,5219.52147827,1571.67253657,0.298570183
NZ,AMF,-36.948199839,174.760180787,5909.42663158,1756.72704326,-0.608080064585
NZ,AN01,-77.2431,166.3725,1416.89058428,1436.96234436,0.0
NZ,AN02,-77.0352,163.1808,1428.79878208,1355.1651077,0.0
NZ,AN03,-77.115,161.5317,1412.60765509,1316.23533223,0.0
NZ,AN04,-77.4371,163.8019,1386.97805096,1377.52831458,0.0
NZ,AN05,-77.6986,163.9118,1358.54278643,1384.67271075,0.0
NZ,AN06,-77.4536,162.6519,1380.53123426,1350.29646145,0.0
NZ,AN07,-77.5296,160.9227,1364.24738454,1310.82812245,0.0
NZ,AN08,-77.5494,160.2731,1358.79639968,1295.97827836,0.0
NZ,AN09,-77.9553,162.1301,1323.18057249,1348.17214525,0.0
NZ,AN10,-77.8497,166.7669,1350.62177877,1453.80977554,0.0
NZ,ANWZ,-40.459742927,176.475058802,5515.4113908,1894.65990598,0.197018386
NZ,APPS,-42.948949444,171.567735496,5243.85914022,1483.1609865,0.0632720000315
NZ,APUS,-38.081802501,175.639267213,5781.81905264,1831.48274315,-0.266652763765
NZ,APZ,-46.83180552,167.988825498,4801.32296636,1217.85966344,0.130910343
NZ,ARAZ,-38.62769,176.12006,5719.91858408,1871.61151237,0.065031575
NZ,ARCZ,-43.94705,171.17674,5132.39233386,1453.69086309,-0.082827138
NZ,ARHZ,-39.2631,176.9959,5646.41036889,1944.7830027,0.300589417
NZ,ARKE,-38.389433652,178.113516279,5738.57768984,2046.70508744,0.00768352037464
NZ,ARKS,-41.242077028,174.944096424,5432.54715618,1762.90596489,0.0412920843224
NZ,ARPC,-38.150223839,175.657187182,5774.18060573,1832.83719081,-0.247740990389
NZ,ARPS,-42.523958469,171.407865584,5290.81837296,1469.22894306,0.096884727139
NZ,ASHS,-43.274410412,172.595947177,5208.63241261,1567.21324161,0.197275124858
NZ,ASHV,-38.279528094,176.462696507,5757.49586986,1902.90115446,-0.0545840755609
NZ,AVIS,-44.655220627,170.356960606,5051.95070855,1390.44155762,0.122774178509
NZ,AVNE,-38.682938479,177.671409903,5708.03950515,2006.40388938,0.154613783634
NZ,AVOA,-43.07552242,171.49211388,5229.69518082,1477.24434658,-0.0116175423125
NZ,AWAC,-39.776259318,176.98239763,5589.48451793,1941.09341358,0.166208634497
NZ,AWAZ,-37.06378,174.64292,5896.7899218,1746.06389996,-0.45843224
NZ,AWRB,-41.658785,174.076946,5387.54719176,1689.66562013,0.0903667463714
NZ,AXZ,-45.265574429,169.331273484,4980.99672997,1312.18873594,0.18176125175
NZ,BB0,-75.1954,161.941,1625.21610652,1286.27059736,0.0
NZ,BB1,-75.5975,160.919,1575.55459492,1266.74987942,0.0
NZ,BB2,-75.4007,162.21,1604.07260537,1297.97921399,0.0
NZ,BB4,-75.495,159.694,1579.460877,1230.91284374,0.0
NZ,BBCX,-41.3312558,174.8289281,5422.85587247,1753.04635767,-0.0351043115675
NZ,BBE,-41.844492921,171.711822792,5366.6872347,1493.05586809,0.282647213033
NZ,BBNN,-39.487953152,176.913497795,5621.75630288,1936.58727446,0.293801612537
NZ,BCE,-46.005090797,167.839748999,4892.42695124,1200.48525041,0.159330967336
NZ,BCOF,-44.7949436,167.4694075,5024.92938437,1162.5476715,0.0
NZ,BCZ,-46.005090797,167.839748999,4892.42695124,1200.48525041,0.159330967336
NZ,BDAF,-45.175564946,167.104544715,4980.61308466,1136.77410872,0.0
NZ,BDCS,-46.249063655,169.719372684,4873.04684663,1347.12150648,0.309668572269
NZ,BDPF,-45.17586496,167.106344736,4980.59011392,1136.9179788,0.0
NZ,BEAA,-43.021121373,171.610615684,5235.90312097,1486.79158628,0.0802761356436
NZ,BENS,-44.562967651,170.192978969,5061.76337618,1377.0869718,0.111793728719
NZ,BFZ,-40.679647283,176.246245098,5491.73510015,1874.35407879,-0.046052969
NZ,BGLC,-38.304427013,175.757987847,5756.80801475,1841.16132806,-0.196151708794
NZ,BHHZ,-39.489284,176.0629288,5624.44493834,1863.4122714,-0.117156436
NZ,BHW,-41.408230683,174.871114813,5414.23448703,1756.39221964,-0.268207503
NZ,BKZ,-39.165665643,176.492543736,5659.02655645,1901.75714613,0.03762629
NZ,BLAA,-42.3386,171.3996,5311.38801022,1468.16202954,0.162330361471
NZ,BLTA,-43.244624745,170.787103912,5209.64194423,1420.34486939,0.0558532038857
NZ,BLUC,-39.487953152,176.913497795,5621.75630288,1936.58727446,0.293801612537
NZ,BMTS,-41.191372,174.92603,5438.21025329,1761.51674486,0.186267476836
NZ,BNDC,-38.520230318,175.375682403,5733.78681427,1807.10994421,-0.0469840616712
NZ,BOWS,-41.279193,174.776323,5428.7275056,1748.76245237,0.119442309334
NZ,BPGG,-38.669538897,178.008514084,5707.97468231,2035.8286682,-0.00930126532205
NZ,BRAH,-43.997339062,169.017376872,5120.70726616,1280.67318475,0.185573471975
NZ,BRKS,-45.57481679,166.7410863,4934.10567223,1111.67883913,0.0
NZ,BSWZ,-41.714915447,173.875740852,5381.50511451,1672.84992369,-0.127699657
NZ,BSZ,-39.796955189,174.931372067,5592.99416366,1765.35432431,0.561415291587
NZ,BTWS,-41.389235986,173.128512822,5418.02461988,1610.74429329,0.109254705642
NZ,BWHS,-43.480415,172.6821837,5185.78463606,1574.29804417,0.00463251194629
NZ,BWRS,-41.43954404,173.90511789,5412.05221702,1675.61425674,-0.0561826886087
NZ,BWZ,-44.530055858,169.883085085,5064.52573869,1352.33744685,0.156506170545
NZ,CACS,-43.483175585,172.530015293,5185.41983539,1561.99383037,-0.0302081339265
NZ,CAPE,-37.689921319,178.546423758,5814.08576575,2089.19844705,0.159758791071
NZ,CARD,-43.42511,171.94367,5191.43385962,1514.49595857,0.1644610036
NZ,CASA,-43.172124675,171.423912506,5218.86508077,1471.89381833,-0.0183073575565
NZ,CASM,-41.978600612,173.440644136,5352.50582868,1636.50536206,0.160527373079
NZ,CAW,-41.107194232,175.066438523,5447.28555385,1773.51394687,0.242248166
NZ,CBGS,-43.52934701,172.619876237,5180.32921346,1569.28402631,-0.117155030174
NZ,CCCC,-43.538085,172.647427,5179.36858654,1571.51438574,-0.106080990228
NZ,CCPS,-43.532237117,172.632326386,5180.01276341,1570.29148237,-0.113411836435
NZ,CCW,-41.749097084,174.217155051,5377.36483331,1701.19777277,0.249131251598
NZ,CDZ,-41.093778149,172.713138922,5450.79294855,1575.908757,0.285693889084
NZ,CECS,-42.813490547,173.274868178,5259.85978993,1622.4717031,0.136805490416
NZ,CG1F,-45.616179212,167.692849588,4934.88150077,1186.23546068,0.16342540272
NZ,CHE,-45.600579999,168.079754812,4938.54351271,1216.29165897,0.185103404662
NZ,CHHC,-43.535929,172.627523,5179.60102053,1569.90519808,-0.123269721275
NZ,CKCJ,-44.094840442,168.625371224,5108.28161651,1249.81613943,0.205745317533
NZ,CKHZ,-39.658187041,177.077689233,5602.22686076,1949.85488441,0.145923309
NZ,CLAM,-42.075803933,173.841348822,5341.46486514,1669.59600931,0.153150438667
NZ,CMHS,-43.565617957,172.624176115,5176.30257359,1569.64968327,-0.160748950448
NZ,CMWZ,-41.749017075,174.213825009,5377.37762816,1700.92102405,0.250902817
NZ,CNGZ,-38.483715664,178.207467126,5727.64567216,2054.32427254,-0.116373903
NZ,COHF,-45.14706367,166.956242961,4982.9149584,1124.88416604,0.0
NZ,COLD,-43.6005,172.10262,5172.10602146,1527.57221168,0.026968736808
NZ,CONM,-42.619515994,173.375640379,5281.36751649,1630.80608787,0.0834515408451
NZ,COVZ,-39.199914229,175.542401907,5657.95863232,1819.54483125,0.070951152
NZ,CPE,-41.61159639,175.291469329,5390.81015543,1790.92979059,-0.100503229542
NZ,CPFS,-40.898762125,176.220963947,5467.48517574,1871.32270221,0.188941942315
NZ,CPWZ,-40.9098,176.2016,5466.31954016,1869.64641671,0.190315347
NZ,CREC,-39.796059402,176.824895598,5587.87520386,1927.50553381,0.172617236509
NZ,CRGZ,-37.5605983,178.02911,5831.03132739,2044.31142077,-0.166019723579
NZ,CRLZ,-43.574748191,172.623226057,5175.28822676,1569.57755555,-0.175259885
NZ,CRSZ,-42.14457,173.8154,5333.85041853,1667.37665067,0.191465336
NZ,CS1A,-43.225826845,171.719816058,5213.31150427,1496.03671873,0.108510574944
NZ,CS2F,-45.051361407,167.074845134,4994.23908662,1133.42602095,0.0
NZ,CSBF,-45.293067449,166.869340865,4966.17951586,1119.28932625,0.0
NZ,CSCP,-41.7497,174.02863,5377.50247305,1685.52224552,0.0579834777759
NZ,CSCV,-39.278745997,175.613482487,5649.03369816,1825.43107522,0.226282240021
NZ,CSHS,-43.226526873,171.723556103,5213.23840486,1496.34163601,0.108510574944
NZ,CSKK,-41.955793,173.981639,5354.66606098,1681.35368149,0.195284285351
NZ,CSOY,-41.3113,174.10864,5426.09202397,1692.79901411,-0.00688505972671
NZ,CSSR,-41.6058,173.83516,5393.65305251,1669.59149662,-0.0967999968719
NZ,CSTC,-43.312290815,172.381334202,5204.31908101,1549.82964424,0.222272455828
NZ,CSWB,-41.57143,174.12668,5397.19275391,1693.93316701,0.117496373725
NZ,CSWC,-41.57146,174.12672,5397.18937969,1693.93645846,0.117496373725
NZ,CTND,-43.47633,172.21852,5185.99077872,1536.79699182,0.106383916663
NZ,CTZ,-43.73549,183.38281,5104.82248041,2436.30991127,0.423542397
NZ,CUBS,-41.295463,174.774381,5426.92450313,1748.56288511,0.113131186052
NZ,CULC,-42.759437995,172.802602336,5265.87975171,1583.84781361,0.112585509474
NZ,CVZ,-44.38318,171.00616,5083.63347206,1441.1772977,0.183095474
NZ,D01C,-43.67513,172.31752,5163.98245044,1544.98503382,-0.126007620957
NZ,D03C,-43.621629476,172.650856187,5170.09133027,1571.83041921,-0.121498314227
NZ,D04C,-43.51198,172.67323,5182.27628544,1573.58771514,-0.0421298736175
NZ,D05C,-43.540152,172.614236,5179.12712567,1568.83383061,-0.128053510243
NZ,D06C,-43.540152,172.614236,5179.12712567,1568.83383061,-0.128053510243
NZ,D07C,-43.51728,172.67574,5181.68846939,1573.79288813,-0.03479902741
NZ,D08C,-43.5324,172.632732,5179.9948186,1570.32433642,-0.113411836435
NZ,D09C,-43.532308,172.632588,5180.00498463,1570.31265592,-0.113411836435
NZ,D10C,-43.5324,172.632732,5179.9948186,1570.32433642,-0.113411836435
NZ,D13C,-43.606541,172.644913,5171.76502903,1571.34374757,-0.137187388185
NZ,D14C,-43.632534,172.624664,5168.87104944,1569.72265663,-0.132311547062
NZ,D15C,-43.584671,172.725601,5174.21858199,1577.84741699,-0.0350492970972
NZ,DAGG,-45.41491224,166.8417339,4952.4787117,1118.1637901,0.0
NZ,DALS,-43.51198,172.67323,5182.27628544,1573.58771514,-0.0421298736175
NZ,DAVS,-41.205786679,174.954359817,5436.55690194,1763.85663488,0.115655683876
NZ,DB1C,-43.45775,171.86346,5187.72350508,1508.05280807,0.104721685919
NZ,DB2C,-43.42138,172.35544,5192.1882078,1547.82335295,0.110990218363
NZ,DCDS,-45.874335105,170.502155509,4916.88051356,1406.15052867,0.337816483434
NZ,DCE,-45.466173234,167.153743457,4948.61234777,1142.99014047,0.143589312556
NZ,DCVF,-45.73287912,166.648035017,4915.97470354,1105.81740948,0.0
NZ,DCZ,-45.464713192,167.153533463,4948.77334049,1142.96188738,0.14344826
NZ,DECF,-45.202565266,166.972742814,4976.84671554,1126.64295531,0.0
NZ,DFHS,-43.489674622,172.102159687,5184.4138465,1527.4021734,0.130564480918
NZ,DGNS,-45.862564801,170.513905737,4918.21669575,1407.02165659,0.336294370224
NZ,DHSS,-43.63026,172.72725,5169.15589667,1577.99716683,-0.0558127457663
NZ,DIW,-40.80047458,173.922155381,5482.98271042,1677.7885787,0.357104350558
NZ,DKCV,-45.72383077,166.6405217,4916.93320249,1105.15272653,0.0
NZ,DKHS,-45.902225879,170.492935221,4913.75935934,1405.53239895,0.341021817475
NZ,DKRV,-38.37122905,176.094691703,5748.46016556,1870.36071967,-0.206075892254
NZ,DORC,-43.896765183,172.093827514,5139.19406317,1527.22245142,6.72570990756e-05
NZ,DOUA,-43.303627748,171.325610559,5204.10577135,1464.19602525,-0.0281371030178
NZ,DREZ,-39.188830857,174.200955473,5661.58141178,1703.71740846,0.260730276
NZ,DRZ,-39.275275813,175.563541885,5649.54219432,1821.13368666,0.670886524
NZ,DSLC,-43.667499474,172.19792004,5164.74365315,1535.33581609,-0.067897450005
NZ,DSZ,-41.744960821,171.804614445,5377.84944703,1500.60585576,0.301001828
NZ,DUNS,-45.9051559,170.470644903,4913.379221,1403.81374861,0.341026027786
NZ,DUVC,-43.74443,172.93631,5156.51014821,1594.87184317,0.169358355287
NZ,DUWZ,-40.801714607,173.921645369,5482.84551015,1677.74410901,0.356388028
NZ,DVHS,-40.201696492,176.10136508,5545.2420915,1863.97278236,0.0262596153799
NZ,DVHZ,-40.298858741,176.166615532,5534.25850243,1869.14190814,-0.088477387
NZ,EAZ,-45.231053397,169.308253387,4984.74916651,1310.20710882,0.174550302
NZ,EBFS,-41.291967,174.89685,5427.09575752,1758.82575506,-0.019399875308
NZ,EBPS,-41.289428012,174.900235673,5427.3714425,1759.11542693,-0.019399875308
NZ,ECLS,-37.68883,178.54816,5814.19788666,2089.35890513,0.159758791071
NZ,EDAS,-37.97767,176.83222,5789.72936424,1936.62209964,-1.25841306345
NZ,EDRZ,-38.106505395,176.73926047,5775.75993642,1927.87765637,-0.097003085
NZ,EKS1,-40.671276,175.990997,5493.43076633,1852.81052183,0.119740761484
NZ,EKS2,-40.74339,175.80688,5485.93804758,1836.99027758,0.131498079891
NZ,EKS3,-40.60051,175.8224,5501.75905393,1838.81050486,0.151182595677
NZ,EKTS,-40.64949542,175.708828445,5496.62276083,1829.03225767,0.12019677494
NZ,ELAC,-39.316549252,176.739896252,5641.42169821,1922.44179709,0.40305209427
NZ,ELDF,-44.9035557,167.319814,5012.04576397,1151.56142837,0.0
NZ,EPAV,-38.397729976,176.282693899,5744.95038217,1886.68437347,-0.282196073508
NZ,EPAZ,-36.875472,174.743594,5917.5226525,1755.39754043,-0.677454879
NZ,ERQV,-38.292028008,176.313194644,5756.58811658,1889.77014406,-0.266292634315
NZ,ERRV,-38.517932517,176.378494642,5731.30482666,1894.5631447,-0.102452348976
NZ,ERUV,-39.231544469,175.365479611,5654.86171986,1804.17348397,0.0774850790256
NZ,ESKC,-39.337950029,176.898198134,5638.46816689,1935.99155659,0.339524456468
NZ,ESND,-43.53135,172.11419,5179.79584368,1528.42419805,0.0856621086733
NZ,ETAZ,-36.9535,174.9278,5908.54972186,1771.64151947,-0.646489413
NZ,ETVZ,-39.1357,175.7106,5664.66521362,1834.28456299,0.351697415
NZ,EWZ,-43.510031722,170.852603355,5180.30449244,1426.42172729,0.120475630367
NZ,EXPV,-39.253545373,175.564881983,5651.95096205,1821.31768484,0.036302571247
NZ,EYCZ,-43.42136,172.35544,5192.19042893,1547.82333577,0.111209279
NZ,EYRS,-43.42138,172.35544,5192.1882078,1547.82335295,0.110990218363
NZ,FABM,-41.502789743,173.575647973,5405.2661318,1648.04321269,-0.0349370131675
NZ,FAHS,-40.213535565,175.57304843,5545.36649027,1818.96135449,0.254031910742
NZ,FAIS,-41.2074,174.9401,5436.40456651,1762.65701071,0.139119349194
NZ,FBYF,-45.303067573,166.82204018,4964.78442377,1115.66607927,0.0
NZ,FDCS,-44.098657034,170.828699884,5114.87723519,1426.20528896,-0.0144724356322
NZ,FGPS,-43.463208136,170.019802842,5183.42962831,1358.91572792,0.0815497031967
NZ,FJDS,-43.389136713,170.184235366,5192.11953575,1371.94002241,0.059140463712
NZ,FKPS,-41.287947693,174.778764139,5427.75135626,1748.94698465,0.0979184512806
NZ,FLAM,-41.760797312,174.197354748,5376.0888946,1699.53340966,0.238215579065
NZ,FMR,-41.999496005,171.490619236,5349.17784796,1474.99414921,0.29063548658
NZ,FOLT,-39.85295932,176.231388002,5583.56417407,1876.44750537,-0.0321674825737
NZ,FOW,-42.314106957,172.762133921,5315.32048945,1580.3976689,0.0855494063793
NZ,FOXA,-43.48802881,170.032092864,5180.70843664,1360.00832283,0.0906764421958
NZ,FOZ,-43.532099313,169.815479827,5175.16577765,1342.67906501,0.100393192
NZ,FRBF,-45.340868722,166.850040296,4960.75377422,1118.18284054,0.0
NZ,FRDF,-44.736656969,168.39376435,5035.97329255,1235.29512658,0.286223326609
NZ,FRJA,-43.382,170.1656,5192.86099707,1370.40364321,0.0611058156256
NZ,FTPS,-41.118705097,175.32744178,5445.45475965,1795.39717908,0.12727062
NZ,FWVZ,-39.254945374,175.55295183,5651.82467925,1820.28373814,0.019753447
NZ,FXBS,-40.46136017,175.22603312,5518.65439421,1788.73613716,0.180178239107
NZ,GCSZ,-43.31601,170.32673,5200.6212331,1383.22140084,0.038179235
NZ,GDLC,-43.586183,172.088753,5173.68389261,1526.43555864,0.0330921510359
NZ,GHHS,-38.64178,178.01772,5711.01360946,2036.79927227,-0.0110668081363
NZ,GIAV,-39.297946244,175.548881619,5647.06155483,1819.79797917,0.126845649985
NZ,GISS,-38.666488866,178.022674268,5708.24580641,2037.08014682,-0.0174839991694
NZ,GKBS,-38.68217,178.03188,5706.46021982,2037.78587168,-0.0299448603722
NZ,GLAA,-43.422026577,169.847590849,5187.49012983,1344.81060032,0.151412778465
NZ,GLET,-39.692956706,176.578892909,5600.19471538,1906.89422998,0.0760228545429
NZ,GLKZ,-29.26068,182.081962,6728.69226214,2484.29611831,0.086004126
NZ,GLNS,-44.86441,168.40646,5021.83865132,1237.10379232,0.279298124
NZ,GLOS,-41.857299,173.821803,5365.74107064,1668.21187946,-0.0115266475214
NZ,GLWS,-42.59417315,172.511049373,5284.1341354,1559.8851183,0.0781010435927
NZ,GMFS,-42.457849,171.2043,5297.82516806,1452.35302901,0.162057610321
NZ,GMTS,-42.449176095,171.210353438,5298.79874597,1452.83046118,0.157611453585
NZ,GODS,-43.5784,172.76926,5174.92574909,1581.37013153,0.0263747808817
NZ,GOHM,-42.457011815,173.300640163,5299.43647035,1624.71936385,0.0249625539132
NZ,GORS,-46.102667058,168.941693118,4886.53445004,1286.34750799,0.263848374491
NZ,GOVS,-43.652421,172.635725,5166.66635459,1570.62460978,-0.110583290588
NZ,GPSS,-41.236636834,174.914716074,5433.20581681,1760.45722022,0.0980114403522
NZ,GR1A,-41.89549899,173.582846322,5361.66207682,1648.34893375,0.0697020615673
NZ,GR2A,-41.886198779,173.586746414,5362.69244972,1648.67952072,0.0633250788312
NZ,GR3A,-41.886098794,173.593746503,5362.69955614,1649.26036344,0.060539039924
NZ,GR4A,-41.886098794,173.593746503,5362.69955614,1649.26036344,0.060539039924
NZ,GR5A,-41.892998957,173.593346468,5361.93367876,1649.22187679,0.060539039924
NZ,GRAM,-41.197980696,172.779639286,5439.24142058,1581.52288609,0.274703263984
NZ,GRAS,-38.664511,178.025314,5708.45284129,2037.32205755,-0.0174839991694
NZ,GRMA,-44.2626,170.462,5095.82743123,1397.41592806,0.0502284252971
NZ,GRRZ,-38.34967,176.10993,5750.80835131,1871.77296944,-0.225915784
NZ,GRZ,-36.2502,175.4578,5985.49836063,1820.83438888,-0.140356976
NZ,GSXX,-41.87274,173.58661,5364.18681711,1648.67841648,0.0505711133589
NZ,GULV,-38.126525521,176.621498971,5773.94758435,1917.46154365,-0.186873547703
NZ,GUY,-42.2941062,172.657632678,5317.51191687,1571.77687472,0.0955587216704
NZ,GV2V,-38.324029147,176.553997463,5752.25248306,1910.69995359,0.131861626579
NZ,GVRV,-38.316029002,176.558197543,5753.12640851,1911.10148693,0.127094179349
NZ,GVZ,-42.967365,173.03475,5242.80866916,1602.83391379,0.238004719
NZ,GWTS,-38.625677862,177.921583161,5713.25650602,2028.52198095,0.0668327035109
NZ,HAAA,-43.9833,169.4586,5123.88259249,1315.98513651,0.14474616277
NZ,HAFS,-43.148911663,170.556061443,5219.7491574,1401.27633481,0.0369339526472
NZ,HALA,-42.974120108,171.579615522,5241.0803786,1484.17736533,0.0655180607691
NZ,HALS,-43.59088047,172.56950297,5173.475514,1565.24898555,-0.165723320473
NZ,HAN,-42.518812115,172.82543377,5292.60328372,1585.66086653,0.0596752951677
NZ,HARA,-42.889516687,171.106409868,5249.71478685,1445.37821863,0.0191743100736
NZ,HATZ,-38.890769235,176.092099802,5690.79880694,1868.18935887,-0.12068231
NZ,HAVS,-41.27227,173.78467,5430.72080892,1665.71991071,0.0319033219409
NZ,HAZ,-37.7561,177.7826,5810.46227837,2021.40968122,0.000398176
NZ,HBAZ,-36.85013,174.73041,5920.35560518,1754.27337235,-0.853296787
NZ,HBHS,-37.785638,175.295136,5815.48749392,1802.10554974,-0.289925211
NZ,HBZ,-37.59741914,178.301521081,5825.61455896,2068.16417644,-0.0825388542133
NZ,HCDS,-39.645846286,176.842906358,5604.48734394,1929.76406453,0.268248567986
NZ,HCKF,-45.239169,167.813753608,4977.38164718,1192.95298236,0.18941844178
NZ,HD50,-38.33963,176.26871,5751.44295343,1885.69145169,-0.339728907254
NZ,HD57,-38.187246,176.371363,5768.03496135,1895.28297077,-0.288731527717
NZ,HD60,-38.286263,176.199241,5757.57947251,1879.82352031,-0.30265703689
NZ,HD61,-38.21499882,176.16138487,5765.60357277,1876.78210488,-0.11604719347
NZ,HD62,-38.066547,176.521704,5780.94268346,1908.96362681,-0.243445581436
NZ,HD63,-38.118524,176.095502,5776.50675393,1871.37050968,-0.263854452551
NZ,HD64,-38.401192,176.199162,5744.82273576,1879.37425213,-0.238337115421
NZ,HD65,-38.15291,176.380509,5771.81707891,1896.22338303,-0.318412272729
NZ,HDWS,-43.883006138,169.044147881,5133.51044144,1282.21039957,0.215116974178
NZ,HECS,-37.778846052,175.299404209,5816.23195983,1802.49999298,-0.294205401547
NZ,HHSS,-43.5575,172.5928,5177.19221611,1567.11143228,-0.140577757264
NZ,HHSZ,-45.884355667,170.597766739,4915.99510502,1413.60399821,0.342308979388
NZ,HIBS,-41.1399,175.0359,5443.71489639,1770.86465812,0.184199861636
NZ,HIZ,-38.51292897,174.855686101,5735.64017996,1761.78937055,0.180806773
NZ,HLRZ,-38.251917325,176.35219526,5760.91735624,1893.34355472,-0.212601439
NZ,HMCS,-42.716921997,170.963958929,5268.60982705,1433.28299058,0.112910163795
NZ,HNPS,-39.671016892,176.880106731,5601.55510323,1932.83620412,0.237972470853
NZ,HOBF,-45.833083607,167.142040868,4907.78682624,1145.06573371,0.153909984059
NZ,HOCS,-40.621643825,175.279423156,5500.74503027,1792.80285667,0.111431690879
NZ,HORC,-43.539635528,171.959907583,5178.73133426,1515.96920874,0.0460863917907
NZ,HOWZ,-40.897330516,175.515085033,5469.59471095,1811.86023027,0.025377256
NZ,HPSC,-43.50157547,172.702194214,5183.44057998,1575.9247116,0.0192942043613
NZ,HRRZ,-38.390129831,176.283753939,5745.79071059,1886.80703408,-0.28780917
NZ,HRXV,-38.339528714,176.219393334,5751.60578647,1881.38041247,-0.335269793601
NZ,HSES,-42.523242237,172.830493814,5292.11221075,1586.07748987,0.0586496283328
NZ,HSRZ,-38.3113,176.2449,5754.66105034,1883.72045361,-0.426375178
NZ,HSSS,-41.151935054,174.981477266,5442.48414578,1766.26651565,0.206814840558
NZ,HUKS,-39.26051,174.5681,5653.14192715,1735.28860434,0.460323606795
NZ,HUNS,-43.57937,172.65723,5174.78681426,1572.32530738,-0.138181683377
NZ,HVSC,-43.579787,172.709423,5174.75655815,1576.5394493,-0.0694267591904
NZ,HWHS,-39.585139189,174.274244785,5617.5111727,1709.42623922,0.481285514824
NZ,ICCS,-46.411594219,168.34692313,4849.69115988,1242.40154122,0.190739502231
NZ,IF04,-41.204286139,174.934166453,5436.76135834,1762.16721067,0.139119349194
NZ,IF05,-41.19554,174.93249,5437.73549635,1762.04822458,0.160643207247
NZ,IF07,-41.24277,174.90303,5432.54641476,1759.46294045,0.0882194149579
NZ,IF10,-41.20471,174.89315,5436.78999627,1758.72705515,0.174314847171
NZ,IF12,-41.20434,174.91593,5436.78923436,1760.63799484,0.162583014512
NZ,IF14,-41.2245,174.87943,5434.61783624,1757.52917306,0.154730796382
NZ,IFPS,-42.726743647,171.472835397,5268.39843387,1474.97195003,0.0269532764005
NZ,INGS,-41.857123867,171.952545779,5365.55662474,1513.05801197,0.261412305965
NZ,INHS,-39.15622017,174.190525475,5665.21240227,1702.86412971,0.466194870794
NZ,INSS,-41.233516778,174.921116168,5433.54037325,1761.00124681,0.0862796076933
NZ,INZ,-42.7245,171.4441,5268.60462548,1472.61476226,0.024588466
NZ,IRVM,-41.449087287,173.095442135,5411.383644,1607.97210116,0.111427617761
NZ,ISIM,-41.862098498,173.703848014,5365.29518187,1658.41686749,0.0163337415507
NZ,ISOM,-42.696616926,172.992335079,5272.87445388,1599.37217998,0.097464590031
NZ,JCWJ,-43.972337167,168.611771771,5121.83118082,1248.00161686,0.197074647257
NZ,JCZ,-44.07321036,168.785473425,5111.35401235,1262.50969958,0.207715412
NZ,JOPM,-42.461110803,172.864634544,5299.01623102,1588.87065327,0.0618865599698
NZ,KAAZ,-36.822277514,174.703610575,5923.48863142,1751.93898972,-0.794804444884
NZ,KAFS,-38.083514895,176.709290186,5778.41770929,1925.3509055,-0.761141478109
NZ,KAHZ,-39.79421,176.87661,5587.88972451,1931.94369063,0.186939576
NZ,KAOT,-39.774558847,176.777395084,5590.43542048,1923.53809721,0.150027097107
NZ,KAPS,-36.822297515,174.703660576,5923.48633293,1751.94340995,-0.794804444884
NZ,KARC,-38.927740771,176.455694132,5685.56164329,1899.57731119,0.0242073428684
NZ,KARS,-41.249420139,172.116450716,5433.17798067,1525.9725889,0.294382873203
NZ,KARV,-39.451949467,175.573881347,5629.90606169,1821.46657415,0.372817701083
NZ,KARZ,-38.020222689,176.244274764,5786.97185503,1884.79746841,-0.445935667
NZ,KATZ,-38.97490003,175.694834619,5682.55424089,1833.45103439,-0.059281719
NZ,KAVZ,-39.095742352,175.645983571,5669.26534087,1828.82807693,-0.00275442138903
NZ,KBAZ,-37.094682715,174.888551781,5892.95543722,1767.83568536,-0.855513059
NZ,KBFF,-44.980062472,168.020357957,5007.18933113,1207.39133838,0.215632579262
NZ,KEKM,-41.969601741,173.982951102,5353.13163144,1681.44483449,0.203392075876
NZ,KEKS,-41.95569,173.98141,5354.67771442,1681.33483381,0.195284285351
NZ,KENM,-41.132782612,174.139356703,5445.87713472,1695.62994538,0.107303009513
NZ,KFHS,-39.433371066,176.466962458,5629.39152798,1898.40593158,0.240840941293
NZ,KHEZ,-39.2942,174.0145,5650.08437584,1687.48329561,0.492868424
NZ,KHLS,-40.55704,172.61189,5510.34144591,1567.1417734,0.29238665956
NZ,KHZ,-42.41598,173.53897,5303.89562825,1644.34438264,0.009436656
NZ,KIDC,-39.641956684,177.069399187,5604.06135043,1949.22521022,0.156264068822
NZ,KIKS,-42.425812008,173.682125211,5302.71924308,1656.11392166,0.0161535584603
NZ,KILS,-43.52687,172.64058,5180.61174322,1570.95581055,-0.0962231053889
NZ,KIRG,-38.333231383,177.52890932,5747.49474635,1995.91595515,-0.0500311484848
NZ,KIRS,-41.076883922,175.230010715,5450.31193379,1787.33576285,0.167462286419
NZ,KIW,-40.8608783,174.909727546,5474.93136417,1760.9525987,-0.034855776
NZ,KIWC,-38.57193264,175.956889301,5726.57824054,1857.60352209,0.0611212477072
NZ,KLDS,-41.673091947,172.874958329,5386.51141365,1589.59151151,0.163714641658
NZ,KMRZ,-37.8456,175.9416,5807.23718906,1858.83352765,-0.291810686
NZ,KNGC,-38.758536953,176.247992189,5705.0071403,1882.23574526,-0.180821410775
NZ,KNZ,-39.021755222,177.673668799,5670.40477243,2004.67091236,0.037827214
NZ,KOKE,-39.021545218,177.673908803,5670.42702286,2004.69290321,0.0362948355478
NZ,KOKM,-41.102480477,173.551849428,5449.71982097,1646.33952033,0.123799421533
NZ,KOKS,-42.891686823,171.135640232,5249.52708483,1447.77043738,0.0177503257501
NZ,KONC,-39.458251922,176.625494331,5626.09192532,1911.94323631,0.366174873588
NZ,KOTC,-38.892942336,177.524007388,5685.3651352,1992.41833954,0.0814243754514
NZ,KOWC,-43.32146,171.85485,5202.8499466,1507.14840173,0.179331625862
NZ,KPOC,-43.376463195,172.66376756,5197.32333697,1572.76214774,0.105738398969
NZ,KPSF,-46.115390261,166.696333046,4873.78271475,1112.94669695,0.0
NZ,KPSV,-38.241926904,176.247394021,5762.35373284,1884.20922238,-0.236108305304
NZ,KQ01,-38.05468,176.74937,5781.47730377,1928.99695216,-2.258954442
NZ,KQ02,-38.0762,176.73998,5779.12161327,1928.0764389,-2.019071865
NZ,KQ03,-38.05252,176.77281,5781.63371335,1931.06421085,-0.178205177
NZ,KQ04,-38.04035,176.72218,5783.16413212,1926.67407234,-1.807803888
NZ,KRHZ,-39.643155211,176.370120497,5606.4180392,1889.1956379,-0.034966728
NZ,KRU,-42.246105296,172.757134176,5322.86984881,1579.96411233,0.092765328827
NZ,KRVZ,-39.094442315,175.641203517,5669.42167979,1828.4188289,-0.048623278
NZ,KTGO,-46.28879,169.91122,4869.2273915,1362.08101982,0.305154688248
NZ,KUTZ,-38.4891,175.8233,5736.1384563,1846.24552752,-0.019605574
NZ,KUZ,-36.745228533,175.720872942,5929.93739592,1842.92406775,-0.322277741
NZ,KVSD,-43.58537,172.27766,5173.9240841,1541.68517296,-0.012427125689
NZ,KWHZ,-39.424,176.4228,5630.5772585,1894.64344615,0.212932441
NZ,LAKA,-43.235526684,171.570114072,5212.0373361,1483.89773883,0.00737383897262
NZ,LBZ,-44.385552844,170.184419859,5081.44713345,1375.7282384,0.09201469
NZ,LCQC,-43.608578,172.729678,5171.5645495,1578.18519683,-0.0646229516144
NZ,LEAM,-41.750494618,173.207942202,5377.90457762,1617.28839246,0.0491037160297
NZ,LFRZ,-45.9164967,166.5146537,4894.74226367,1097.10453713,0.0
NZ,LHBS,-41.196645866,174.892315954,5437.68681081,1758.67660711,0.165563845368
NZ,LHES,-41.211686236,174.903336032,5435.99683586,1759.56416645,0.174314847171
NZ,LHRS,-41.204736054,174.893185932,5436.78703811,1758.73000495,0.174314847171
NZ,LHUS,-41.230846652,174.89363583,5433.88737118,1758.70457467,0.131267131064
NZ,LICJ,-44.163542726,168.776372775,5101.28253854,1262.29675471,0.222714852282
NZ,LINC,-43.623179038,172.46800379,5169.84097121,1557.07862814,-0.145126824004
NZ,LINM,-41.267084997,173.858152577,5431.23822241,1671.88017745,0.0441733775976
NZ,LIRS,-41.23231,174.91929,5433.67773467,1760.85115446,0.0862796076933
NZ,LIRZ,-38.00357,176.38523,5788.37874887,1897.24193336,-0.263166034
NZ,LKMJ,-44.040339282,168.71687273,5114.72141047,1256.82581361,0.204399709317
NZ,LLRC,-38.03602213,175.858490034,5786.33054159,1850.87026497,-0.265165218585
NZ,LMZ,-43.715032432,169.269581756,5153.0113025,1299.47949006,0.221082627793
NZ,LNBS,-41.20498,174.9266,5436.6984106,1761.53107396,0.150851181853
NZ,LNSD,-43.66183,172.48698,5165.55798791,1558.6361552,-0.117697259079
NZ,LOCC,-38.868239406,176.373993342,5692.4325236,1892.73736808,-0.0115696672781
NZ,LOKS,-42.01157,173.48244,5348.82660802,1639.94734481,0.168514165659
NZ,LPCC,-43.60785,172.724778,5171.64410289,1577.78950211,-0.0646229516144
NZ,LPDS,-43.6062917,172.7098333,5171.81306376,1576.58285533,-0.0871908936808
NZ,LPLS,-43.71465288,169.42309374,5153.59922675,1311.84525905,0.154196805555
NZ,LPOC,-43.608378,172.714823,5171.58275329,1576.98633161,-0.07719159478
NZ,LREZ,-39.4602,174.4027,5631.21360985,1720.67386103,0.540925097
NZ,LRSC,-43.729389999,171.793634446,5157.47541008,1502.84186876,-0.0516810351346
NZ,LRSS,-41.2294301,174.90424587,5434.02520729,1759.59728595,0.131267131064
NZ,LSRC,-42.869520062,172.543288463,5253.57346115,1562.69549306,0.147361546181
NZ,LSTC,-45.98458807,166.7801168,4888.824475,1118.2791106,0.0
NZ,LTZ,-42.781667157,172.27103538,5263.1725932,1540.3732255,0.079348799
NZ,LYLM,-42.844521378,173.297938332,5256.40756119,1624.34561148,0.129190961045
NZ,MAGS,-36.885338662,174.726040611,5916.45642959,1753.81316619,-0.637169385902
NZ,MAHC,-39.081046845,177.884911208,5662.85678133,2022.61585657,-0.0327546549183
NZ,MAL,-42.212504331,172.69813358,5326.58512387,1575.08348005,0.100599633919
NZ,MANS,-45.52122519,167.278064732,4943.19850404,1153.14494766,0.147104778612
NZ,MAPM,-41.575292367,173.953852454,5396.93755766,1679.51933606,-0.0469482127336
NZ,MAR,-40.421971133,176.033983404,5520.98522672,1857.39810364,0.0701332387282
NZ,MARA,-41.9405,172.1994,5356.52005072,1533.63424673,0.212511894773
NZ,MARE,-38.29153219,178.325719186,5748.39920352,2065.88346698,-0.0104766887631
NZ,MARZ,-37.984922962,176.674700105,5789.48300703,1922.74900042,-0.147516982
NZ,MASH,-44.091241963,169.156778135,5110.80788433,1292.33812229,0.17535042179
NZ,MATS,-41.42895,172.7037,5413.58128223,1575.242957,0.272765804782
NZ,MATT,-39.583554562,176.644394116,5612.11464779,1913.00596479,0.247016525293
NZ,MAVS,-41.210857507,175.461483109,5434.9139198,1806.36185346,0.0341612350266
NZ,MAVZ,-39.2679133,175.5616533,5650.36403864,1820.99389745,0.107389177
NZ,MAYC,-43.82306143,171.421709104,5146.56849094,1473.08580142,-0.0626175504227
NZ,MBAZ,-36.768787,174.897918,5929.09665885,1769.38807832,-0.701134451
NZ,MCAS,-41.799933511,172.328030808,5372.2183389,1544.17498581,0.212550584875
NZ,MCHD,-43.658,171.99167,5165.61727913,1518.69491522,-0.0687636539416
NZ,MCHZ,-39.4441849,176.6966675,5627.40462368,1918.1328348,0.43764255
NZ,MCNS,-43.73645,170.0972,5153.30275761,1366.23832838,0.112371226408
NZ,MCPS,-43.733165337,170.095202333,5153.6619405,1366.06465289,0.112371226408
NZ,MDAF,-45.097564295,167.572551346,4991.86356172,1172.96259152,0.186362065069
NZ,MECS,-44.230445889,169.232938317,5095.62753672,1299.14455158,0.18518786968
NZ,MED1,-39.081,177.8852,5662.86063686,2022.64113405,-0.0327546549183
NZ,MED2,-38.5176,178.255,5723.64581201,2058.25839782,-0.106513679487
NZ,MED3,-38.2912,178.3267,5748.43113953,2065.97145588,-0.0104766887631
NZ,MED4,-38.6251,178.1487,5712.23242368,2048.31216342,-0.10711398359
NZ,MENS,-43.55849,172.71149,5177.12237294,1576.69812563,-0.0226643736265
NZ,MGCS,-41.507680768,173.944392627,5404.45258993,1678.81275232,-0.0489577145815
NZ,MHCZ,-43.53165,171.56788,5179.14743097,1484.28107786,-0.058371856
NZ,MHEZ,-39.076048868,174.323047417,5673.95114136,1714.44436814,0.743357845
NZ,MHGZ,-39.152558335,177.907001244,5654.81169573,2024.09774717,-0.072632299
NZ,MIDV,-39.321546276,175.351379095,5644.90366662,1802.69659083,0.240700470339
NZ,MIQ,-37.705216379,176.045993474,5822.52317194,1868.52918653,-0.147726286681
NZ,MISS,-41.314888406,174.818434531,5424.69149494,1752.20630216,-0.0018486208555
NZ,MKAZ,-37.10413,175.16117,5891.39050312,1792.04237743,-0.248690226
NZ,MKBS,-41.2259,174.6981,5434.77522323,1742.32687952,0.0965833795051
NZ,MKO,-40.427471384,176.09268412,5520.20172562,1862.3575492,0.0281803007265
NZ,MKRZ,-38.138435412,176.467157055,5773.14309957,1903.87839087,-0.303671465
NZ,MKVS,-41.26542095,174.70552447,5430.37539227,1742.86305523,0.114013747892
NZ,MKYD,-43.7407,172.34659,5156.71895254,1547.38577033,-0.0588188244883
NZ,MLZ,-45.366543525,168.118406813,4964.7272553,1217.72246138,0.196525152
NZ,MMCS,-37.81587781,175.769789749,5810.99856522,1843.81067202,-0.320096255466
NZ,MNG,-40.616974186,175.482175722,5500.79917677,1809.96870671,0.109628789649
NZ,MNGS,-39.80778,175.79083,5589.85025501,1838.90826063,0.268738151802
NZ,MNSD,-43.48312,172.45871,5185.39098997,1556.22754902,-0.00186070242775
NZ,MNT,-40.583273344,175.43967532,5504.64115099,1806.47697256,0.12619188244
NZ,MNZS,-43.637364,172.973808,5168.40272478,1597.88733192,0.2495780148
NZ,MOA,-40.313569248,176.25148654,5532.36363144,1876.29663614,-0.0353500629511
NZ,MOAV,-39.406548935,175.753183732,5634.48958584,1837.05059287,-0.140129710706
NZ,MOLM,-42.085802723,173.260641352,5340.66426288,1621.55668213,0.0781427192442
NZ,MOLS,-42.088022768,173.2574013,5340.41858179,1621.287967,0.0781427192442
NZ,MORS,-43.5395,172.6214,5179.20219563,1569.41228651,-0.128053510243
NZ,MOSS,-45.667802403,168.237836479,4931.82169221,1229.063888,0.199740220383
NZ,MOTE,-37.871522796,177.604711764,5798.434388,2005.09388215,-0.0890417117429
NZ,MOTS,-41.124689614,173.009502506,5447.40101447,1600.79766732,0.207997187641
NZ,MOVZ,-39.406748938,175.752843727,5634.4682785,1837.02063617,-0.140672596
NZ,MOZ,-38.504028673,174.803175496,5736.71894589,1757.23020718,0.181326479218
NZ,MPGJ,-44.117140769,168.539869985,5105.43654523,1243.10591379,0.205362219158
NZ,MPSS,-43.499375,172.642253,5183.66587705,1571.07787578,-0.0666494508717
NZ,MQZ,-43.706081677,172.653765807,5160.71293873,1572.10430603,-0.06764018
NZ,MRHZ,-38.8337,176.4173,5696.12682328,1896.6393516,0.002225601
NZ,MRNZ,-41.39903,172.75766,5416.91695251,1579.74223968,0.275441055
NZ,MRSS,-43.5113069,172.5592161,5182.3085385,1564.37175354,-0.0721762872477
NZ,MRW,-41.229526166,174.699843382,5434.36978836,1742.46513361,0.0965833795051
NZ,MRWZ,-41.226025,174.6982083,5434.76116833,1742.33568592,0.0965833795051
NZ,MRZ,-40.66054537,175.578526763,5495.72741266,1817.97805167,0.090279974
NZ,MSHC,-43.461895,172.648002,5187.83030423,1571.52505848,-0.0173600266763
NZ,MSMC,-43.704588286,171.402269471,5159.6967172,1471.268732,-0.0676691460062
NZ,MSWZ,-41.415831739,175.249459591,5412.63806461,1787.99513411,-0.024187386
NZ,MSZ,-44.673333781,167.92639864,5040.80214734,1197.85067896,0.228861052
NZ,MSZS,-44.673013769,167.925538631,5040.83344059,1197.78029071,0.228665404042
NZ,MTAZ,-36.78649,174.9056,5927.11894243,1770.03463999,-0.686732347993
NZ,MTCA,-43.734135351,170.091292277,5153.54314823,1365.75353208,0.112371226408
NZ,MTDS,-38.352077901,175.745547523,5751.55175337,1839.91604999,-0.197010185794
NZ,MTHS,-43.563194,171.666362,5175.77644862,1492.29494199,-0.0647269293003
NZ,MTHZ,-38.8523,176.8411,5692.59820901,1933.35163109,0.094353222
NZ,MTKA,-44.4841,168.7972,5065.7600946,1265.79038782,0.283505488468
NZ,MTNF,-45.147163952,167.04184408,4983.40530126,1131.61415551,0.0
NZ,MTPS,-43.584671,172.725601,5174.21858199,1577.84741699,-0.0350492970972
NZ,MTTA,-43.163326978,172.362924698,5220.85079369,1548.21072161,0.259557569163
NZ,MTVZ,-39.384607843,175.470410324,5637.6301556,1812.76721373,0.54400985
NZ,MTW,-41.157926389,175.501573829,5440.69474324,1809.89226297,0.05101228
NZ,MUGZ,-38.4771,176.7705,5734.50784943,1928.93771734,0.092370578
NZ,MURE,-38.774440716,177.884012211,5696.91109687,2024.36626114,0.0653618403914
NZ,MUSJ,-44.101340919,168.724772473,5107.97831464,1257.81112885,0.208158808924
NZ,MWDS,-39.406938,175.752648,5634.44780633,1837.00314092,-0.140129710706
NZ,MWFS,-37.859140595,176.668880466,5803.46588169,1922.78794439,-0.238383581241
NZ,MWZ,-38.334001396,177.527779304,5747.41410004,1995.81292223,-0.052831832
NZ,MXZ,-37.562258507,178.306631253,5829.49414959,2068.83699397,-0.109395165
NZ,MYRZ,-37.280209088,176.240997301,5869.11666119,1887.35070302,0.282536909
NZ,NAAF,-45.385870012,166.858740112,4955.80698352,1119.24713934,0.0
NZ,NAAS,-39.468735,176.872021,5624.04448712,1933.11075976,0.323058357344
NZ,NADF,-45.397170337,166.861340071,4954.56726732,1119.54677679,0.0
NZ,NAMS,-39.488403173,176.91891786,5621.68603705,1937.05139978,0.286738943323
NZ,NBEZ,-39.26795,173.8676,5653.12935249,1674.84340089,0.137697316
NZ,NBLC,-43.506858826,172.73135376,5182.86184157,1578.2839297,0.0536716664545
NZ,NBSS,-41.202272,174.953755,5436.94824869,1763.81469197,0.137179541929
NZ,NCBS,-41.270873652,173.283675308,5431.13388659,1623.7596013,0.0652988763775
NZ,NCDS,-39.498401289,176.876082294,5620.73561578,1933.31835133,0.312300041125
NZ,NCHS,-39.506633503,176.896757521,5619.74474385,1935.05720949,0.295485123642
NZ,NELS,-41.287804018,173.274245114,5429.2568977,1622.96382691,0.0666874088162
NZ,NEWS,-41.23204,174.82178,5433.88362904,1752.67932436,0.130138877598
NZ,NEZ,-39.270466,174.096096,5652.63630266,1694.55163016,-0.032885253
NZ,NGHS,-39.485873112,176.91492782,5621.98189721,1936.72035357,0.289428522378
NZ,NGI,-39.334943194,173.935161624,5645.63642155,1680.5948261,0.301779618356
NZ,NGRZ,-38.1018,176.1874,5778.0900304,1879.49261058,-0.269804783
NZ,NGZ,-39.175583868,175.601172722,5660.51515894,1824.69810939,0.1456729
NZ,NLMS,-41.266523535,173.276835241,5431.61866263,1623.18824091,0.0706727792104
NZ,NMCM,-42.101102192,172.908436784,5338.99435967,1592.42896722,0.0948891717034
NZ,NMEZ,-39.4132,173.8775,5637.00125079,1675.54091981,0.282452386
NZ,NMHZ,-39.097054929,176.80651785,5665.55087688,1929.21228388,0.34304362
NZ,NMPS,-41.574455376,175.227878669,5395.07281261,1785.73746549,-0.110974426467
NZ,NNBS,-43.495426391,172.717997684,5184.12793484,1577.19998654,0.046340820247
NZ,NNVZ,-39.13173,175.6152667,5665.34779651,1826.05615329,0.221921989
NZ,NNZ,-41.217102661,173.379476754,5437.07261755,1631.8096569,0.035801066
NZ,NOVZ,-39.126493,175.610657,5665.94056651,1825.67437376,0.173075358231
NZ,NOZ,-38.616237908,178.036914607,5713.75844805,2038.6272209,-0.0149714146282
NZ,NPCS,-39.062427989,174.073384416,5675.74747564,1692.86563828,0.472951311761
NZ,NRZ,-39.335743206,173.933161596,5645.54941741,1680.42153844,0.301779618356
NZ,NSBS,-43.996197946,168.660945266,5119.38974786,1252.08596401,0.200010099545
NZ,NSDF,-45.18306514,167.100244609,4979.75515971,1136.49731455,0.0
NZ,NSPS,-39.489593191,176.915877818,5621.56529834,1936.78410716,0.286738943323
NZ,NTVZ,-39.0984817,175.6759733,5668.88525337,1831.41305248,0.132664703
NZ,NWEZ,-39.27488,173.86743,5652.36040987,1674.82136477,-0.043372046
NZ,NWFS,-41.589065731,175.233958687,5393.43750662,1786.20238611,-0.113746701752
NZ,NZAS,-46.586807,168.378357,4830.36735227,1245.95846391,0.188403463647
NZ,OAKV,-39.382447723,175.437379925,5637.94729086,1809.92856482,0.487967013982
NZ,OAMS,-45.099744576,170.969136215,5003.96284622,1440.21489334,0.209852855121
NZ,OBZ,-46.903418062,168.11534673,4793.97611996,1228.00253459,0.0
NZ,ODZ,-45.043982113,170.644622213,5009.46482073,1414.50228719,0.168572108
NZ,OGWZ,-40.816687916,175.170301006,5479.32548498,1783.03685337,0.027782198
NZ,OHAA,-44.2537,169.8833,5095.2237516,1351.18521244,0.114879138169
NZ,OHKS,-38.408109748,176.088471495,5744.38475508,1869.68001632,-0.182602730418
NZ,OHPV,-37.848520146,176.552399093,5805.04178017,1912.58151419,-0.392366368559
NZ,OHSS,-43.4446,172.6605,5189.75523597,1572.52825952,0.0096865892094
NZ,OHUT,-39.873760529,176.584692326,5580.10095236,1906.58695616,0.17315780639
NZ,OHWZ,-40.2056,175.3151,5546.85239403,1797.03132277,0.298755617
NZ,OIZ,-39.044940751,175.39268065,5675.51183414,1807.06783965,-0.137997643947
NZ,OKAV,-38.192726243,176.374395738,5767.41696586,1895.52649173,-0.277295431598
NZ,OKCZ,-43.72325,173.05951,5158.86270441,1604.79328287,0.269738441
NZ,OKTV,-38.104424693,176.432996758,5777.0298654,1901.02336743,-0.304899065707
NZ,OKUC,-43.780667,172.831319,5152.47369855,1586.42642943,0.0746004196615
NZ,OMAH,-37.852418785,175.901491209,5806.59093816,1855.28003388,-0.29433839759
NZ,OMRZ,-38.106214593,176.371696008,5777.02844564,1895.63946539,-0.386221888
NZ,ONEC,-39.235249958,177.878510616,5645.76143809,2021.13882658,-0.052933914059
NZ,ONIS,-39.390824042,173.812849895,5639.53668459,1669.99770551,0.0928626409385
NZ,OPCS,-38.014134814,177.289217464,5783.92633012,1976.59514448,0.0379493930563
NZ,OPHC,-39.615254975,176.529692578,5608.9888038,1903.01382165,0.125199838566
NZ,OPRZ,-37.844300073,176.554929138,5805.50173244,1912.82206355,-0.398266839
NZ,OPSS,-39.45002,173.85502,5632.93348163,1673.56693145,0.283452902637
NZ,OPWS,-43.55619,172.66429,5177.36349921,1572.88492459,-0.0914192978129
NZ,OPZ,-45.884355667,170.597766739,4915.99510502,1413.60399821,0.343092986
NZ,ORAA,-44.0196,170.8823,5123.77002247,1430.26980483,0.0166658730728
NZ,ORCS,-39.417438387,175.412599486,5634.1207529,1807.69013929,0.511870386764
NZ,ORE,-40.05956403,176.373189007,5560.17757477,1887.71289222,0.254729638415
NZ,ORPS,-46.286797,167.76512,4860.7538902,1196.77557003,0.150079519013
NZ,OTKS,-40.754876473,175.14384092,5486.24254394,1780.9729356,0.048862655392
NZ,OTVZ,-39.163113759,175.665073554,5661.73894013,1830.25957656,0.294753254
NZ,OUZ,-35.219688708,173.596133449,6102.43107835,1654.25270306,-0.245194969
NZ,OWQX,-41.3451433,174.7455233,5421.45787447,1746.03564729,0.0550811076683
NZ,OXZ,-43.3259,172.0383,5202.54451476,1522.02875354,0.300347722
NZ,PAKE,-38.517736424,178.257417628,5723.61857335,2058.46849001,-0.106513679487
NZ,PAPS,-40.914319724,175.004958529,5468.81898696,1768.84321697,0.0545683050152
NZ,PARE,-38.938543987,177.887411711,5678.67083983,2023.68411114,0.027238345947
NZ,PARF,-44.722856482,168.358363972,5037.34676453,1232.40460381,0.280630274739
NZ,PARS,-43.567898,172.750717,5176.08777289,1579.86947779,0.0190439346742
NZ,PAWZ,-41.381561353,175.426891986,5416.04253563,1802.93150047,-0.076382374
NZ,PDD,-41.282087436,174.726863506,5428.48973095,1744.61378891,0.123439265034
NZ,PEAA,-43.132524604,171.765917126,5223.72931033,1499.62786903,0.153343247299
NZ,PEEC,-43.92386,171.233957,5135.06785525,1458.2272465,-0.0780766749947
NZ,PFAS,-41.13849443,174.846095608,5444.2261269,1754.93768091,0.0970018525545
NZ,PGFS,-40.302199783,176.611751099,5532.43808099,1906.96816335,0.114910630439
NZ,PGMS,-41.224506474,174.879435677,5434.61710719,1757.52963338,0.154730796382
NZ,PGZ,-40.617075956,176.273885682,5498.59567156,1876.94936288,-0.0107256629002
NZ,PHFS,-41.252647178,174.904545879,5431.44704313,1759.56592678,0.0666955569047
NZ,PHHS,-41.25209,174.904297,5431.5093596,1759.54643044,0.0666955569047
NZ,PHPV,-38.629533943,176.035690056,5719.96050022,1864.25850448,0.108230626729
NZ,PIPS,-41.267486611,174.786068248,5430.0104261,1749.60536027,0.127382131634
NZ,PKE,-39.193860439,173.986702827,5661.24647979,1685.20754561,0.535451378
NZ,PKGZ,-37.8664,178.0805,5796.82494452,2047.0076737,-0.008145703
NZ,PKHE,-37.859023554,178.093517735,5797.58153165,2048.19860211,-0.0041554871462
NZ,PKIS,-44.190967535,170.146940461,5102.95769927,1371.99065313,0.0976533831615
NZ,PKRC,-38.480729926,175.540484557,5737.78664843,1821.60040536,-0.137714603499
NZ,PKUV,-38.458731304,176.350194506,5737.9667801,1892.33450031,-0.198403465706
NZ,PKVZ,-39.289285604,175.346379156,5648.49565959,1802.35847413,0.167950188
NZ,PLRC,-38.330727449,175.727187377,5753.96898102,1838.38141356,-0.212115024435
NZ,PLWZ,-41.569175315,175.254789034,5395.60079045,1787.99642939,-0.117451998
NZ,PNBS,-40.348948583,175.607578339,5530.24781809,1821.45747809,0.241932651195
NZ,PNH,-40.337770618,176.640191326,5528.38944022,1909.22328956,0.118485227914
NZ,PNHZ,-39.913370532,176.199797385,5576.95469957,1873.50397203,-0.029339554
NZ,PNMS,-40.36286,175.59311,5528.73956859,1820.18327634,0.232668677325
NZ,PNRS,-40.33027,175.6337,5532.25568918,1823.73794765,0.247499290699
NZ,POHC,-38.983742084,176.543895017,5679.05073984,1906.98349092,0.108764871829
NZ,POIC,-38.630733964,176.034390036,5719.83104617,1864.14090539,0.108230626729
NZ,POIZ,-38.63056396,176.034230034,5719.8503774,1864.12759892,0.116482923
NZ,POKS,-41.12495,174.83151,5445.7556823,1753.74512327,0.0821242485075
NZ,POLA,-43.045522778,171.903119335,5233.54620273,1510.66071405,0.177497049523
NZ,POLS,-41.131394252,174.839095549,5445.0268225,1754.36680801,0.0821242485075
NZ,POTF,-46.174193156,167.05703744,4869.40524246,1141.30267071,0.157263596791
NZ,POTS,-41.272217322,174.774644152,5429.5048335,1748.63767647,0.125847397597
NZ,POWZ,-40.391719878,175.767990184,5525.08528721,1834.93397848,0.227640636
NZ,PPHS,-43.492846035,172.606916248,5184.37808657,1568.21764294,-0.0689247533425
NZ,PREZ,-39.3421,174.1589,5644.61876359,1699.86750767,0.304612608
NZ,PRGZ,-38.92259366,177.883281713,5680.46144484,2023.42100324,0.035575815
NZ,PRHZ,-40.266369055,176.635171525,5536.33490855,1909.12256349,0.110412294
NZ,PRKS,-41.24901997,174.93413252,5431.79496902,1762.05383364,0.0315000589281
NZ,PRNS,-43.704499,169.472766,5154.89870731,1315.79903933,0.142505885384
NZ,PRPC,-43.525813082,172.682771076,5180.74298812,1574.36476232,-0.0446569122491
NZ,PRRZ,-38.4971,176.393,5733.57074847,1895.91353218,-0.140928115
NZ,PRSH,-44.109841844,168.954675404,5107.96559797,1276.26001293,0.193562285742
NZ,PRWZ,-40.55470391,175.971012108,5506.4305228,1851.55834596,0.188465553
NZ,PTHS,-36.975640581,174.871872017,5906.19255126,1766.6131973,-0.608976698188
NZ,PTOS,-41.222973,174.860302,5434.8218616,1755.92946462,0.165720113114
NZ,PUHM,-42.299609015,173.713846188,5316.71096091,1658.84105669,0.0355207456563
NZ,PUPM,-40.510765062,172.694341298,5515.50547757,1574.10448042,0.286037595115
NZ,PURC,-43.652303,172.760482,5166.71605173,1580.68506712,-0.0187448227954
NZ,PUZ,-38.071547867,178.257209049,5773.17619219,2061.27613791,0.053869235
NZ,PVCS,-41.22474608,174.87391737,5434.60049369,1757.066507,0.154730796382
NZ,PWES,-41.12746,174.82586,5445.48698293,1753.26497245,0.0732289396286
NZ,PWZ,-40.029684442,176.861995223,5561.79837917,1929.55946818,0.193154324344
NZ,PXZ,-40.030644463,176.862145221,5561.69122764,1929.56764289,0.194194426
NZ,PYZ,-46.166251683,166.680692489,4868.03662519,1112.18957244,0.159217917
NZ,QCCS,-41.279625689,174.023144608,5429.69632671,1685.68393994,0.0261946038717
NZ,QRZ,-40.825521618,172.529147829,5480.50474382,1560.2963048,0.32018355
NZ,QTPS,-45.032155912,168.662886073,5004.32028768,1258.3604372,0.299175756379
NZ,RACZ,-43.72709,172.13956,5158.07824523,1530.69944554,-0.098100541
NZ,RAGZ,-38.4956,177.4154,5729.94766587,1985.12340178,0.131949643
NZ,RAHC,-39.061545174,177.261903587,5667.74137195,1968.79637084,0.360563283172
NZ,RAHZ,-38.916161888,177.086021921,5684.58346236,1954.29681321,0.194896306
NZ,RANC,-39.936962133,176.706493615,5572.65806988,1916.71515415,0.221681266184
NZ,RANE,-37.714021642,178.484422932,5811.73191991,2083.56849319,0.158514121625
NZ,RATZ,-38.866498038,175.772175968,5694.38531744,1840.5181607,0.189181091
NZ,RCBS,-43.557934,172.73265,5177.18983457,1578.40694186,-0.00547564257994
NZ,RCHC,-43.576415,172.749216,5175.14151453,1579.75112017,0.0091860498351
NZ,RCS1,-41.53971,173.62927,5401.1360464,1652.48865095,-0.0500640682938
NZ,RDCS,-42.119699895,171.864383395,5336.30951874,1506.1267695,0.212014736794
NZ,RDM,-40.105264344,176.069685046,5556.04185067,1861.64612256,0.145902202768
NZ,RDMF,-45.413073549,167.714251184,4957.55476994,1186.41465206,0.173819399486
NZ,REHS,-43.521946859,172.635146473,5181.15658929,1570.51433735,-0.103553951596
NZ,REPE,-37.879924516,178.381421164,5793.83378619,2073.41604483,0.13479543599
NZ,RERV,-38.318228836,176.462196366,5753.20153155,1902.69630865,0.0595249831797
NZ,RESF,-45.680577563,166.627035094,4921.65407954,1103.71932807,0.0
NZ,RF1R,-38.40012,176.28196,5744.68736943,1886.610815,-0.2735368127
NZ,RF2R,-38.362429175,176.22819336,5749.03696466,1882.06077899,-0.307210350172
NZ,RF3R,-38.35902905,176.201393046,5749.49602474,1879.73165796,-0.286118027257
NZ,RF4R,-38.336528559,176.175192807,5752.07269826,1877.52774627,-0.312387950215
NZ,RF5R,-38.334928449,176.138992372,5752.35858555,1874.3689488,-0.254003259566
NZ,RF6R,-38.3372,176.1023,5752.2149311,1871.15258087,-0.214846988173
NZ,RF7R,-38.4847,176.4605,5734.72775331,1901.85381987,-0.0887538947004
NZ,RHBS,-43.571407,172.75693,5175.69955102,1580.37234014,0.0091860498351
NZ,RHSC,-43.536172,172.564404,5179.54926145,1564.80554641,-0.109508084011
NZ,RIGZ,-38.7058,177.7622,5705.09320904,2014.1741893,0.163943305
NZ,RIMM,-41.231587287,175.158869189,5433.28676224,1780.9329064,0.127176691879
NZ,RITZ,-38.977150443,175.85847662,5681.87192052,1847.62175131,0.303849759
NZ,RIVH,-36.76997,174.5793,5929.48213297,1740.94717382,-0.710477273224
NZ,RIZ,-29.2449,182.0711,6730.53508714,2483.37118549,0.260424536
NZ,RKAC,-43.751461192,172.02314733,5155.2675763,1521.35534158,-0.0777458520669
NZ,RKIA,-43.300327621,171.310110376,5204.44695164,1462.93142068,-0.0277271482082
NZ,RLNS,-45.6876,166.68593,4921.23875319,1108.36691553,0.0
NZ,ROBM,-41.390488228,174.016854052,5417.39475157,1685.01284505,-0.0316395378548
NZ,ROLC,-43.592818023,172.381092806,5173.16429125,1550.04152792,-0.0756323678192
NZ,RONF,-44.676153,167.7048547,5039.36874328,1180.31030816,0.0
NZ,ROPS,-38.136194905,176.25450448,5774.0679058,1885.24427773,-0.233376339416
NZ,ROTC,-39.009544575,177.478006428,5672.61474057,1987.7889473,0.168855392026
NZ,ROTR,-38.001923014,176.550998546,5788.01827185,1911.80874767,-0.198581766127
NZ,ROTS,-38.135724,176.255191,5774.11806141,1885.30629975,-0.233376339416
NZ,RPCS,-38.438040889,176.343754501,5740.28393945,1891.85584628,-0.194136320687
NZ,RPZ,-43.714607582,171.053864882,5157.98388694,1443.22298095,0.182120596
NZ,RQGS,-41.296527896,174.781154134,5426.79465964,1749.12757412,0.0764191304907
NZ,RRKS,-46.147433733,167.472523158,4874.70126157,1173.15932864,0.156167438555
NZ,RRRZ,-38.33903935,176.514636932,5750.7180782,1907.19446919,0.167558997
NZ,RT01,-38.62264,176.17208,5720.32372458,1876.16043778,-0.267790879543
NZ,RT02,-38.60173,176.17658,5722.63120566,1876.6326829,-0.24832070465
NZ,RT03,-38.60488,176.21815,5722.15534539,1880.2413871,-0.198193702335
NZ,RT05,-38.63178,176.19599,5719.23686604,1878.20714961,-0.252462465831
NZ,RT06,-38.61694,176.18922,5720.90466574,1877.67498803,-0.245524041518
NZ,RT07,-38.60443,176.20653,5722.24074008,1879.23100976,-0.210725452913
NZ,RT08,-38.61436,176.20201,5721.15223947,1878.79882836,-0.22046054036
NZ,RTKC,-38.821238353,176.319892846,5697.82233021,1888.23215137,-0.0624429585999
NZ,RTZ,-38.61544,176.980518,5718.37641255,1946.60017295,0.114802299
NZ,RUAE,-38.079027394,177.949715282,5773.83235201,2034.23514233,0.146931299134
NZ,RUAS,-38.147636748,177.0083136,5770.20731443,1951.28098486,-0.00430917002287
NZ,RUGF,-44.7243441,167.6433874,5033.69603214,1175.79138173,0.0
NZ,RUGZ,-37.96513,177.67748,5787.72088875,2010.97642522,-0.041330583
NZ,RUNE,-37.559917882,178.014917734,5831.17410384,2043.06077935,-0.167595799119
NZ,RUZ,-39.125242247,175.337979675,5666.72221615,1802.10391705,-0.0306891481944
NZ,RVAZ,-36.769996316,174.57919929,5929.47936179,1740.93813696,-0.708127777
NZ,SACS,-43.50674,172.61619,5182.83854706,1568.97457784,-0.0844595899689
NZ,SAND,-43.56044,172.29766,5176.70664769,1543.27639115,-0.00613791163405
NZ,SBRC,-43.808703298,172.252380039,5149.10211673,1539.86791083,-0.0259099947179
NZ,SBYF,-45.527176408,167.603348983,4944.30152851,1178.59110844,0.162804702174
NZ,SCAC,-42.93857277,172.92162302,5246.00357721,1593.60526124,0.211829638816
NZ,SCHC,-38.429029354,175.730987066,5743.04878811,1838.39047504,-0.0977635138953
NZ,SCLF,-45.27056716,166.972742367,4969.29264418,1127.20924153,0.0
NZ,SCTS,-45.265788,166.951482,4969.69822497,1125.50163869,0.0
NZ,SDNS,-41.663820694,174.137291682,5386.92356403,1694.68264916,0.157588867461
NZ,SEAS,-41.326447,174.837638,5423.37435368,1753.78655408,-0.0468361442264
NZ,SECF,-45.220665481,166.884841545,4974.31501421,1119.89265391,0.0
NZ,SEDS,-41.67229,174.07645,5386.04831933,1689.60559397,0.090653818064
NZ,SEVS,-41.246984,174.902163,5432.08015772,1759.38004354,0.0882194149579
NZ,SHFC,-43.391151887,172.02575919,5195.28609849,1521.09658901,0.227724887358
NZ,SHLC,-43.505336761,172.663391113,5183.01090257,1572.78946936,-0.0322719887785
NZ,SIZ,-46.873417221,168.133047173,4797.39309609,1229.14313158,0.0
NZ,SJFS,-42.334575929,172.180286383,5312.74976897,1532.46982681,0.157810730244
NZ,SKFS,-45.898625824,170.509715468,4914.20012159,1406.8214893,0.341803332933
NZ,SKTD,-43.6822,172.20151,5163.11377524,1535.64095548,-0.0770481205427
NZ,SLRC,-43.67513,172.31752,5163.98245044,1544.98503382,-0.126007620957
NZ,SM1F,-42.0605,173.41415,5343.42352856,1634.26644075,0.128283446806
NZ,SM3F,-41.85952,173.81831,5365.49724804,1667.9195985,-0.0115266475214
NZ,SMCF,-44.954161769,168.023758163,5010.08306981,1207.48237287,0.218231342308
NZ,SMHS,-43.26216,172.3363,5209.85829002,1546.13339166,0.294718999118
NZ,SMTC,-43.467529297,172.613861084,5187.19233573,1568.76612171,-0.0408656696952
NZ,SNGZ,-38.7815,177.3399,5698.51677162,1977.03090962,0.117314639
NZ,SNVZ,-39.1862267,175.6403333,5659.23599279,1828.04699966,0.063849552
NZ,SOCS,-41.204326097,174.915936222,5436.7907664,1760.63855055,0.162583014512
NZ,SOMS,-41.25746,174.865,5430.98460839,1756.24107978,0.101891054881
NZ,SPCM,-42.246105291,172.755134151,5322.86937721,1579.79911463,0.092765328827
NZ,SPCV,-45.70500609,166.9225235,4920.73608586,1126.93431938,0.0
NZ,SPFS,-43.337970267,171.9289382,5201.09610546,1513.17922282,0.224887560934
NZ,SPNN,-39.521953709,176.843996812,5618.23906777,1930.44661862,0.328108890658
NZ,SPRS,-43.3368,171.93008,5201.22725761,1513.27011254,0.224887560934
NZ,SRWM,-41.94529844,172.897637367,5356.29213168,1591.51531314,0.11124867374
NZ,STAS,-43.51361,172.64112,5182.08456803,1570.9930953,-0.0765073357107
NZ,STKS,-43.606541,172.644913,5171.76502903,1571.34374757,-0.137187388185
NZ,STLD,-43.61084,171.82626,5170.67959883,1505.28320766,-0.0698676774946
NZ,SUMS,-43.56921,172.75681,5175.94352033,1580.36193644,0.0190439346742
NZ,SWNC,-43.369432575,172.495355403,5198.03537097,1559.114508,0.125381176637
NZ,SWRV,-39.354047554,175.619682281,5640.65973493,1825.72361291,0.0906230607638
NZ,SYZ,-46.536890349,169.138823018,4839.05145738,1303.93687785,0.282777088
NZ,TA1S,-37.888781339,176.757511438,5799.86480229,1930.45576816,-0.11974455875
NZ,TA2S,-37.859140595,176.668880466,5803.46588169,1922.78794439,-0.238383581241
NZ,TA3S,-37.928032015,176.730880981,5795.6018066,1927.9383536,-0.112574869617
NZ,TACF,-45.44057423,167.685350626,4954.35036492,1184.35586532,0.171183838758
NZ,TACS,-37.541972594,175.692809799,5841.59405726,1837.90712046,-0.166099581814
NZ,TAE,-41.49159416,175.540172985,5403.55379212,1812.04590089,-0.109250432029
NZ,TAFS,-45.416673666,167.719111225,4957.17988252,1186.82123898,0.174428498252
NZ,TAHR,-37.996222663,176.438897207,5789.02126949,1901.98575185,-0.249880701019
NZ,TAIA,-42.751314106,171.417914569,5265.58716737,1470.52666718,0.0227146628061
NZ,TAIS,-41.18038403,174.954771915,5439.37637555,1763.95458213,0.180227258036
NZ,TAMF,-45.42657394,167.717851145,4956.07358644,1186.7950811,0.173956043854
NZ,TANF,-44.9867539,167.1866309,5002.05655103,1141.7115756,0.0
NZ,TAOV,-38.181926313,176.500997314,5768.20386299,1906.66269999,-0.242997699544
NZ,TARC,-39.667756494,176.725494821,5602.48001997,1919.58506298,0.206845441955
NZ,TARZ,-38.23555,176.50585,5762.23526342,1906.86231929,-0.187597125
NZ,TAUC,-38.697035494,176.13689105,5712.17112967,1872.81349129,-0.263814475797
NZ,TAUG,-38.273231407,178.108216589,5751.50890492,2046.95735426,0.0816524573721
NZ,TAZ,-38.231227269,176.507997227,5762.70797998,1907.0685232,-0.182734663482
NZ,TBAS,-38.372803703,178.300778623,5739.49832962,2063.18081626,-0.0456553850081
NZ,TBCS,-37.702696578,176.156674818,5822.4794225,1878.29854588,-0.130840870516
NZ,TCW,-41.210364716,174.276328104,5437.10478897,1707.0003234,0.030183256
NZ,TDE,-45.198067881,167.822053979,4981.98943701,1193.31074284,0.192309749996
NZ,TDHS,-37.633319923,178.365371742,5821.30568191,2073.57828601,-0.00663499488497
NZ,TDL,-45.198367886,167.820853961,4981.95004914,1193.21863572,0.192309749996
NZ,TEAC,-39.910462088,176.949896747,5574.70686118,1937.64968337,0.174909887925
NZ,TEAV,-38.371229186,176.156392454,5748.27739346,1875.75231354,-0.239547479505
NZ,TEKE,-37.759021026,177.761014024,5810.23519184,2019.49002952,-0.0134490449586
NZ,TENS,-42.21496,172.79019,5326.33525976,1582.68263392,0.093419966075
NZ,TEPS,-41.290587759,174.781064157,5427.45430125,1749.13357344,0.0979184512806
NZ,TETC,-38.531531649,175.866388343,5731.31258042,1849.85752978,0.00760032177643
NZ,TEU,-40.248568069,176.357988117,5539.24237514,1885.62211434,0.0346356571066
NZ,TFSS,-41.275427415,174.783054245,5429.13401193,1749.33478623,0.133364426802
NZ,TGRZ,-37.728807289,176.260835984,5819.26640223,1887.38306341,-0.141311829
NZ,THHS,-39.67995471,175.795593232,5604.02735758,1839.75909056,0.0888617669859
NZ,THLX,-41.2741233,174.770385,5429.30051084,1748.27661615,0.125847397597
NZ,THOB,-40.789402441,175.092971338,5482.51330779,1776.58699881,0.0239476150555
NZ,THPS,-39.676764656,175.801403316,5604.36592705,1840.26851979,0.0888617669859
NZ,THZ,-41.762474128,172.905218304,5376.59111294,1592.12128116,0.128574281
NZ,TIRS,-38.468910528,175.909709098,5738.14445455,1853.85436924,-0.0731289151781
NZ,TITC,-39.831559581,176.558992159,5584.87433731,1904.57514078,0.136102995772
NZ,TIWZ,-40.776048632,175.885660183,5482.09622832,1843.52333884,0.144012136
NZ,TKAS,-44.013313732,170.460575541,5123.51311414,1396.44703976,0.126804519204
NZ,TKF,-44.97836242,168.018757946,5007.37041423,1207.25355399,0.215632579262
NZ,TKGZ,-38.4392,177.8485,5734.30484376,2023.24955757,0.150600025
NZ,TKHS,-38.332806183,175.155550424,5755.05971831,1788.40345252,-0.0218851826409
NZ,TKNZ,-41.03355,172.96053,5457.51780882,1596.68219632,0.24563822
NZ,TKTH,-39.111242875,175.738984656,5667.30623549,1836.82025833,0.336170923292
NZ,TLBF,-44.987360007,167.187247015,5001.99271629,1141.76499169,0.0
NZ,TLED,-43.5958,172.20133,5172.70933064,1535.53413291,0.00010720352582
NZ,TLZ,-38.3294,175.538,5754.58795593,1821.84612478,-0.216156893
NZ,TMBS,-46.07183991,170.1957102,4894.146913,1383.14168224,0.326065648284
NZ,TMDS,-41.078083777,175.155439767,5450.33633948,1781.06759606,0.199566633519
NZ,TMHS,-37.13968503,175.546519476,5886.59584597,1826.18449925,-0.0789781843926
NZ,TMVZ,-39.11561,175.704064,5666.91204442,1833.78601294,0.241158615
NZ,TMWZ,-41.106596095,175.890468961,5445.38265663,1842.71493664,-0.05029122
NZ,TOAE,-38.122027446,177.575510587,5770.74549711,2001.15318971,-0.0397598156108
NZ,TOKS,-43.82243,172.78084,5147.82582211,1582.37672067,0.0660071528726
NZ,TON2,-39.10857758,175.6731,5667.77195242,1831.13153817,0.168701500322
NZ,TON8,-39.0984817,175.6759733,5668.88525337,1831.41305248,0.290693395
NZ,TONV,-39.231045397,175.778884703,5653.90314754,1839.86296974,0.219528615397
NZ,TOPV,-39.2327449,175.543481797,5654.31189682,1819.53574884,0.0482155328514
NZ,TOTM,-40.839473094,172.979843403,5479.06250323,1598.30069314,0.324856247647
NZ,TOTS,-41.10492,175.08539,5447.50011698,1775.1113981,0.233239458448
NZ,TOZ,-37.73095563,175.501846822,5821.08860192,1820.47327899,-0.373255344
NZ,TPLC,-43.549997156,172.471954205,5177.9705832,1557.34570283,-0.0719214597023
NZ,TPPS,-38.686325129,176.067470239,5713.56459966,1866.81454897,-0.147378135802
NZ,TRCS,-44.402816313,171.244443695,5081.8868904,1460.20510244,0.0968294800443
NZ,TRLG,-38.768739915,177.546508083,5699.0596901,1995.058617,0.131780277265
NZ,TRMS,-40.671276,175.990997,5493.43076633,1852.81052183,0.119740761484
NZ,TRN,-42.186604257,172.911336425,5329.5011762,1592.67858559,0.0858692686438
NZ,TRTS,-41.2987,174.7739,5426.56594755,1748.51526548,0.0966969123638
NZ,TRVZ,-39.298816259,175.547821602,5646.96756131,1819.70383695,0.081734058
NZ,TRWZ,-41.398042326,175.68789524,5413.56814835,1824.7011739,-0.120774672
NZ,TSFS,-40.84942291,172.821101372,5477.94280613,1584.92015915,0.318169744844
NZ,TSZ,-40.058553101,175.961123866,5561.54166564,1852.56413676,0.1814721
NZ,TTHS,-38.986290529,175.815036053,5680.97469181,1843.82659309,0.229153093677
NZ,TTTV,-38.506532269,176.366494536,5732.60871975,1893.56296406,-0.124423672961
NZ,TUDS,-38.806999851,177.150433088,5696.45110108,1960.43578133,0.152330803253
NZ,TUHS,-38.864116798,175.248309562,5695.90014226,1795.0676472,-0.0433766359653
NZ,TUKC,-38.645734255,176.032989964,5718.17006613,1863.9639194,0.0363746256274
NZ,TURV,-39.319046571,175.502980973,5644.83006456,1815.77445884,0.18324733456
NZ,TUVZ,-39.267675863,175.654153029,5650.16030274,1828.97575025,0.378383258
NZ,TUWZ,-41.429388947,173.942892947,5413.14594767,1678.78232883,-0.056971019
NZ,TUZ,-45.953974846,169.631143307,4905.54630211,1338.9302815,0.335155034
NZ,TWAS,-44.254589089,170.098339469,5095.75477824,1368.35631255,0.0961639176362
NZ,TWGZ,-38.1767,177.9804,5762.84103855,2036.34508839,0.253101517
NZ,TWKH,-39.111542467,175.555982405,5667.7345979,1820.99419653,0.0739086609218
NZ,TWVZ,-39.070741374,175.437681105,5672.54465875,1810.8859461,-0.166095124
NZ,UHCS,-41.12681462,175.040938121,5445.1577556,1771.32156674,0.227247577743
NZ,UHSS,-41.12638,175.06509,5445.15820421,1773.35020085,0.217715420294
NZ,UNK,-42.051098054,171.791422801,5343.84383117,1499.98785052,0.224281314092
NZ,URZ,-38.259249093,177.110894471,5757.42144466,1959.72379882,0.030370376
NZ,UTKS,-39.74637494,175.837768869,5596.54040498,1843.14322908,0.0858242867515
NZ,UTU,-38.17659,176.1938,5769.76933486,1879.76787106,-0.082073756
NZ,VEGH,-43.983838513,168.953676126,5121.95786896,1275.4916814,0.195433485482
NZ,VERM,-41.556992338,174.116854603,5398.80630958,1693.1347274,0.106290795118
NZ,VRZ,-39.12434088,174.758452563,5667.95289795,1752.00554242,0.331654136
NZ,VUWS,-41.279854,174.778399,5428.65056072,1748.9348161,0.119442309334
NZ,WACZ,-43.9425317,171.839105,5133.85501031,1506.83623898,-0.017136141
NZ,WAIA,-42.989520174,171.462313933,5239.20183401,1474.64336246,-0.0016480885916
NZ,WAIC,-38.364927927,175.64718628,5750.3767898,1831.27851633,-0.174853537122
NZ,WAIM,-41.727094721,173.467645608,5380.41776582,1638.89438755,-0.0203596603932
NZ,WAIS,-38.63246,176.0937,5719.46688533,1869.29842409,0.0378635610538
NZ,WAKC,-42.963102826,172.705240104,5243.24041562,1575.96022823,0.204454599908
NZ,WAKS,-39.772727671,176.25167855,5592.40840729,1878.50772909,-0.040138261892
NZ,WANA,-44.7412,169.1841,5038.71170584,1297.89564789,0.321287334363
NZ,WANS,-41.23121,174.93102,5433.77807859,1761.83698122,0.0745477750345
NZ,WATZ,-38.707934808,175.733186073,5712.08703489,1837.66111054,-0.114158676
NZ,WAU,-42.249505057,172.633132575,5322.45576398,1569.73587112,0.10212000687
NZ,WAZ,-39.754644424,174.985532904,5597.58908276,1770.0958032,0.571195849
NZ,WBCS,-41.755660519,171.599811806,5376.40461608,1483.59586027,0.274460591127
NZ,WBFS,-40.400881282,176.311146962,5522.48153145,1881.00404897,0.0450676739964
NZ,WBHS,-35.714958191,174.31694004,6046.866856,1719.12170013,-0.238967124496
NZ,WBR,-40.406271349,176.287986651,5521.9565436,1879.01589079,0.0220909570419
NZ,WCDS,-39.933638357,175.047992977,5577.600239,1774.99181253,0.477188801192
NZ,WCFS,-41.29315,174.7847889,5427.16342907,1749.43962059,0.0979184512806
NZ,WCSS,-43.45775,171.86346,5187.72350508,1508.05280807,0.104721685919
NZ,WCZ,-35.938642,174.345043,6022.02111831,1721.3228614,-0.324225886
NZ,WDAS,-41.257397389,174.948466416,5430.83804271,1763.23401478,0.0197682262692
NZ,WDFS,-41.827398743,174.138423708,5368.76083005,1694.53659703,0.237194991335
NZ,WDPS,-40.338218939,175.869801664,5530.74919932,1843.76924771,0.152241559558
NZ,WEL,-41.284047578,174.768184021,5428.20245574,1748.06982829,0.13008256
NZ,WEMS,-41.27428738,174.779264202,5429.2670927,1749.01994187,0.133364426802
NZ,WFES,-41.283734,174.776347,5428.22331385,1748.75414688,0.119442309334
NZ,WFSS,-39.034244962,177.42490569,5670.09742938,1983.05494805,0.223160190559
NZ,WHAS,-43.315994,170.32675,5200.62306204,1383.22296582,0.0390485363398
NZ,WHAT,-39.529552888,176.389691153,5618.96677224,1891.35142675,0.0900954446007
NZ,WHFS,-43.261164,170.359029,5206.79588305,1385.64802407,0.0501685431348
NZ,WHHZ,-39.0768,177.2344,5666.15899663,1966.33645552,0.391690344
NZ,WHRZ,-37.8557,176.9748,5802.74394057,1949.72932785,0.135724272
NZ,WHSZ,-43.29065,170.40645,5203.64172867,1389.59875631,0.0384027510464
NZ,WHTZ,-38.665954484,175.957468968,5716.14049283,1857.31751634,0.041765653
NZ,WHVZ,-39.2825,175.5886,5648.67874344,1823.2725662,0.149894893
NZ,WHZ,-45.892427899,167.947031165,4905.4767601,1207.99503698,0.162605067
NZ,WI01,-37.51675,177.19282,5839.53387399,1970.60696826,-0.113439567937
NZ,WI02,-37.5218,177.1924,5838.97488015,1970.54479733,-0.113439567937
NZ,WI03,-37.5116,177.1812,5840.15143857,1969.60484595,-0.105861808754
NZ,WI04,-37.5265,177.1798,5838.50275538,1969.40740716,-0.18464478085
NZ,WI05,-37.514,177.18,5839.88971494,1969.4868627,-0.105861808754
NZ,WI06,-37.5165,177.177,5839.62396928,1969.20921464,-0.105047032119
NZ,WI07,-37.518,177.1778,5839.45429304,1969.27255183,-0.105047032119
NZ,WI08,-37.52,177.1778,5839.23225373,1969.26267389,-0.105047032119
NZ,WI09,-37.522,177.178,5839.00942755,1969.27048053,-0.105047032119
NZ,WI10,-37.5183,177.1794,5839.41469164,1969.4125575,-0.105047032119
NZ,WI12,-37.52564,177.19278,5838.54706215,1970.55936311,-0.34996210491
NZ,WI13,-37.52353,177.19058,5838.78999885,1970.37529097,-0.34996210491
NZ,WI14,-37.52216,177.18849,5838.9503419,1970.19726984,-0.113439567937
NZ,WI15,-37.52165,177.18668,5839.01409954,1970.03974455,-0.113439567937
NZ,WIAZ,-36.793,175.1339,5925.96639071,1790.39202922,-0.364420852
NZ,WICS,-39.035634969,177.414705559,5669.98608411,1982.16407549,0.2317672513
NZ,WIGC,-42.701186545,172.800302583,5272.34773078,1583.64433697,0.0846494438893
NZ,WILA,-43.052021335,171.312611686,5232.02667773,1462.57846169,-0.00284634338081
NZ,WIZ,-37.524510539,177.189301882,5838.68618226,1970.25741824,-0.351807441
NZ,WKA,-38.631934123,176.09569078,5719.51940709,1869.47372465,0.0378635610538
NZ,WKB,-38.62603404,176.110490983,5720.13070472,1870.78455102,0.0610484743583
NZ,WKC,-38.623534014,176.12099112,5720.37714176,1871.70828895,0.021497938085
NZ,WKHS,-37.961453185,176.985473954,5790.96346603,1950.16629623,0.0857879729011
NZ,WKZ,-44.827021353,169.017561979,5028.5456338,1285.1782041,0.365749038
NZ,WLZ,-37.839417837,175.58798747,5808.84534103,1827.73229419,-0.335900891725
NZ,WMAE,-38.579035816,177.368006531,5720.88108695,1980.54690474,0.12703653793
NZ,WMGZ,-37.8191,178.4149,5800.41868081,2076.75635902,0.158848916
NZ,WNAS,-41.326408649,174.809034364,5423.42893415,1751.39278416,-0.0116406462498
NZ,WNHS,-41.30077798,174.775514045,5426.33248208,1748.64568302,0.0966969123638
NZ,WNKS,-41.284817534,174.742053687,5428.16121539,1745.87983858,0.126632875311
NZ,WNPS,-44.694588118,169.142964415,5043.73582998,1294.39327497,0.316073918307
NZ,WNUV,-38.147925267,176.31799521,5772.56847694,1890.76383706,-0.2779731599
NZ,WNVZ,-39.326976949,175.597862113,5643.71890573,1823.92966136,0.102459783
NZ,WOOE,-38.754539051,177.26470467,5701.81829073,1970.63542758,0.121328475316
NZ,WPAO,-46.31609,169.20062,4863.81330567,1307.4946148,0.289354458313
NZ,WPHZ,-40.064264278,176.440559831,5559.43551624,1893.44021151,0.276756743
NZ,WPOE,-38.289431235,177.868213606,5750.84588757,2025.8506234,0.175265736787
NZ,WPRZ,-38.5196,176.1624,5731.7903665,1875.71150984,-0.162163095
NZ,WPVZ,-39.20400432,175.545921935,5657.4961063,1819.83607909,0.0711898281581
NZ,WPWS,-39.943862017,176.584322066,5572.31905317,1906.24249051,0.224677288223
NZ,WRAS,-41.595477374,173.586375972,5394.96985809,1648.86871627,-0.0438695619884
NZ,WRAV,-38.244927266,176.3863957,5761.5841523,1896.36560219,-0.20860432596
NZ,WRCS,-40.950352011,175.647816501,5463.37793434,1822.8637624,0.0113437574484
NZ,WROM,-41.551595229,175.395970905,5397.23555398,1799.82267026,-0.107853096237
NZ,WSFC,-43.837332321,171.611011502,5145.25648358,1488.33481742,-0.0436666851366
NZ,WSRZ,-37.51811,177.177805,5839.44206121,1969.27245071,-0.105596237
NZ,WSTS,-41.278078,174.78446,5428.83732003,1749.44647825,0.133364426802
NZ,WTA,-40.290468588,176.179885729,5535.1495617,1870.3034487,-0.0728838424198
NZ,WTAC,-39.129546177,177.084901169,5660.89569457,1953.13425276,0.359494907509
NZ,WTAZ,-36.932419121,174.573368623,5911.46837245,1740.1208911,-0.086914247
NZ,WTES,-41.281576,174.774191,5428.46659148,1748.57848876,0.130451413091
NZ,WTMC,-42.619455176,173.053596231,5281.44125779,1604.39540293,0.0670608733966
NZ,WTPV,-38.358729494,176.406395544,5748.88737434,1897.65035506,-0.0612211820464
NZ,WTVZ,-39.115252619,175.589692806,5667.24015223,1823.89750581,0.132543231
NZ,WTYS,-41.29543,174.78126,5426.91636859,1749.1389398,0.0979184512806
NZ,WVAS,-43.071550222,170.737154179,5228.75452123,1415.77002189,0.0125157421441
NZ,WVFS,-41.62023192,173.350904603,5392.32813329,1629.23325863,0.0186025963201
NZ,WVHS,-39.75710364,174.629978492,5597.93095055,1739.62967059,0.534183381048
NZ,WVRV,-38.285727619,176.191493186,5757.66234518,1879.14774198,-0.280407115273
NZ,WVZ,-43.074350291,170.73675416,5228.44267873,1415.74584619,0.012795932
NZ,WVZS,-43.074720298,170.735904147,5228.3997191,1415.67775245,0.014775085697
NZ,WWRF,-44.944659411,167.366249626,5007.73602997,1155.54552781,0.0
NZ,YARM,-42.237105856,173.05983809,5323.89590495,1604.93720888,0.0680256482603
NZ,YUPC,-38.31572676,175.550485284,5756.07538503,1822.97954407,-0.218711210156
NZ,ZIHA,-43.885336217,169.04977794,5133.27329231,1282.67510241,0.215116974178
IU,SNZO,-41.3087,174.7043,5425.57250172,1742.66614917,0.13182073279
